{"cameraMode":{"drawMode":0,"name":"Shaded","section":"Shading Mode"},"sceneLighting":false,"audioPlay":false,"sceneViewState":{"m_AlwaysRefresh":false,"showFog":true,"showSkybox":false,"showFlares":true,"showImageEffects":true,"showParticleSystems":true,"showVisualEffectGraphs":true,"m_FxEnabled":true},"in2DMode":false,"pivot":{"x":0.03884223848581314,"y":0.3527863621711731,"z":0.04036523774266243},"rotation":{"x":-0.6255007386207581,"y":0.2027157098054886,"z":-0.1729082316160202,"w":-0.7333298921585083},"size":0.18051587045192719,"orthographic":false}