{"cameraMode":{"drawMode":0,"name":"Shaded","section":"Shading Mode"},"sceneLighting":true,"audioPlay":false,"sceneViewState":{"m_AlwaysRefresh":false,"showFog":true,"showSkybox":true,"showFlares":true,"showImageEffects":true,"showParticleSystems":true,"showVisualEffectGraphs":true,"m_FxEnabled":true},"in2DMode":false,"pivot":{"x":1.000009536743164,"y":0.14791202545166017,"z":33.2012825012207},"rotation":{"x":-0.16601474583148957,"y":0.08479029685258866,"z":-0.014324975199997425,"w":-0.9823834896087647},"size":17.27672004699707,"orthographic":false}