{"cameraMode":{"drawMode":0,"name":"Shaded","section":"Shading Mode"},"sceneLighting":true,"audioPlay":false,"sceneViewState":{"m_AlwaysRefresh":false,"showFog":true,"showSkybox":true,"showFlares":true,"showImageEffects":true,"showParticleSystems":true,"showVisualEffectGraphs":true,"m_FxEnabled":true},"in2DMode":false,"pivot":{"x":-0.03230266273021698,"y":0.24118360877037049,"z":0.44412854313850405},"rotation":{"x":-0.09036344289779663,"y":0.44852331280708315,"z":-0.04564632102847099,"w":-0.8880402445793152},"size":0.43278318643569949,"orthographic":false}