{"cameraMode":{"drawMode":0,"name":"Shaded","section":"Shading Mode"},"sceneLighting":false,"audioPlay":false,"sceneViewState":{"m_AlwaysRefresh":false,"showFog":true,"showSkybox":false,"showFlares":true,"showImageEffects":true,"showParticleSystems":true,"showVisualEffectGraphs":true,"m_FxEnabled":true},"in2DMode":false,"pivot":{"x":1.1900027990341187,"y":0.2139204442501068,"z":-0.0014452232280746103},"rotation":{"x":-0.14564719796180726,"y":-0.7050755023956299,"z":0.1516076773405075,"w":-0.6772759556770325},"size":0.29201608896255495,"orthographic":false}