{"cameraMode":{"drawMode":0,"name":"Shaded","section":"Shading Mode"},"sceneLighting":false,"audioPlay":false,"sceneViewState":{"m_AlwaysRefresh":false,"showFog":true,"showSkybox":false,"showFlares":true,"showImageEffects":true,"showParticleSystems":true,"showVisualEffectGraphs":true,"m_FxEnabled":true},"in2DMode":false,"pivot":{"x":8.073594093322754,"y":0.15897294878959657,"z":0.04433593899011612},"rotation":{"x":0.09047747403383255,"y":0.014648214913904667,"z":-0.0013415587600320578,"w":0.9958106279373169},"size":0.5938472151756287,"orthographic":false}