{"cameraMode":{"drawMode":0,"name":"Shaded","section":"Shading Mode"},"sceneLighting":false,"audioPlay":false,"sceneViewState":{"m_AlwaysRefresh":false,"showFog":true,"showSkybox":false,"showFlares":true,"showImageEffects":true,"showParticleSystems":true,"showVisualEffectGraphs":true,"m_FxEnabled":true},"in2DMode":false,"pivot":{"x":10.349043846130371,"y":0.15340560674667359,"z":-0.2203812152147293},"rotation":{"x":0.13812795281410218,"y":0.024073461070656778,"z":-0.003367717145010829,"w":0.9901353120803833},"size":0.7318896651268005,"orthographic":false}