{"cameraMode":{"drawMode":0,"name":"Shaded","section":"Shading Mode"},"sceneLighting":false,"audioPlay":false,"sceneViewState":{"m_AlwaysRefresh":false,"showFog":true,"showSkybox":false,"showFlares":true,"showImageEffects":true,"showParticleSystems":true,"showVisualEffectGraphs":true,"m_FxEnabled":true},"in2DMode":false,"pivot":{"x":24.30122947692871,"y":-0.43764305114746096,"z":10.540409088134766},"rotation":{"x":-0.19134089350700379,"y":-0.02856074832379818,"z":0.005571594461798668,"w":-0.9810975193977356},"size":18.845571517944337,"orthographic":false}