{"cameraMode":{"drawMode":0,"name":"Shaded","section":"Shading Mode"},"sceneLighting":false,"audioPlay":false,"sceneViewState":{"m_AlwaysRefresh":false,"showFog":true,"showSkybox":false,"showFlares":true,"showImageEffects":true,"showParticleSystems":true,"showVisualEffectGraphs":true,"m_FxEnabled":true},"in2DMode":false,"pivot":{"x":0.06158788502216339,"y":0.3301253616809845,"z":0.019503161311149598},"rotation":{"x":-0.21373920142650605,"y":0.010254846885800362,"z":-0.0022402056492865087,"w":-0.9768487215042114},"size":0.6908828020095825,"orthographic":false}