{"cameraMode":{"drawMode":0,"name":"Shaded","section":"Shading Mode"},"sceneLighting":false,"audioPlay":false,"sceneViewState":{"m_AlwaysRefresh":false,"showFog":true,"showSkybox":false,"showFlares":true,"showImageEffects":true,"showParticleSystems":true,"showVisualEffectGraphs":true,"m_FxEnabled":true},"in2DMode":false,"pivot":{"x":5.779468536376953,"y":0.4308181703090668,"z":0.15109264850616456},"rotation":{"x":0.0001554368791403249,"y":-0.9997235536575317,"z":0.006607978139072657,"w":0.02310471050441265},"size":0.6713459491729736,"orthographic":false}