{"cameraMode":{"drawMode":0,"name":"Shaded","section":"Shading Mode"},"sceneLighting":false,"audioPlay":false,"sceneViewState":{"m_AlwaysRefresh":false,"showFog":true,"showSkybox":false,"showFlares":true,"showImageEffects":true,"showParticleSystems":true,"showVisualEffectGraphs":true,"m_FxEnabled":true},"in2DMode":false,"pivot":{"x":-0.330000102519989,"y":0.8100000619888306,"z":-0.08999982476234436},"rotation":{"x":-0.09036344289779663,"y":0.44852331280708315,"z":-0.04564632102847099,"w":-0.8880402445793152},"size":1.6180546283721924,"orthographic":false}