{"cameraMode":{"drawMode":0,"name":"Shaded","section":"Shading Mode"},"sceneLighting":false,"audioPlay":false,"sceneViewState":{"m_AlwaysRefresh":false,"showFog":true,"showSkybox":false,"showFlares":true,"showImageEffects":true,"showParticleSystems":true,"showVisualEffectGraphs":true,"m_FxEnabled":true},"in2DMode":false,"pivot":{"x":0.9446192383766174,"y":0.3939880132675171,"z":0.25234708189964297},"rotation":{"x":-0.02092723548412323,"y":0.5260211229324341,"z":-0.012945333495736122,"w":-0.8501249551773071},"size":0.20977310836315156,"orthographic":false}